"","workerid","noun","nounclass","predicateposition","predicate","correctresponse","correctclass"
"1","2","lampara","furniture","predicate1","berde",1,"color"
"2","2","silya","furniture","predicate1","makinis",0.09,"texture"
"3","2","saging","food","predicate1","malaki",0.95,"size"
"4","2","kamatis","food","predicate1","pula",0.04,"color"
"5","2","mansanas","food","predicate1","asul",0.97,"color"
"6","2","karot","food","predicate1","malaki",0.97,"size"
"7","2","sopa","furniture","predicate1","matigas",0.02,"texture"
"8","2","sopa","furniture","predicate1","asul",0.96,"color"
"9","2","saging","food","predicate1","bilog",0.01,"shape"
"10","2","sopa","furniture","predicate1","makinis",0.03,"texture"
"11","2","mansanas","food","predicate1","asul",0,"color"
"12","2","television","furniture","predicate1","itim",1,"color"
"13","2","television","furniture","predicate1","parihaba",0.99,"shape"
"14","2","karot","food","predicate1","makinis",0.98,"texture"
"15","2","sopa","furniture","predicate1","luma",0.98,"age"
"16","2","mansanas","food","predicate1","matigas",0.05,"texture"
"17","2","silya","furniture","predicate1","bago",0.98,"age"
"18","2","karot","food","predicate1","tatsulok",0.96,"shape"
"19","2","television","furniture","predicate1","luma",0.99,"age"
"20","2","saging","food","predicate1","asul",0.98,"color"
"21","2","lampara","furniture","predicate1","bilog",0.05,"shape"
"22","2","keso","food","predicate1","sariwa",0.98,"age"
"23","2","mesa","furniture","predicate1","dilaw",0.48,"color"
"24","2","television","furniture","predicate1","matigas",0.98,"texture"
"25","2","mansanas","food","predicate1","matigas",0.99,"texture"
"26","2","television","furniture","predicate1","sira",0,"quality"
"27","3","saging","food","predicate1","bago",0.9,"age"
"28","3","karot","food","predicate1","bulok",0.14,"age"
"29","3","television","furniture","predicate1","bago",0.05,"age"
"30","3","mesa","furniture","predicate1","sira",0.14,"quality"
"31","3","keso","food","predicate1","bago",0.54,"age"
"32","3","karot","food","predicate1","maganda",0.1,"quality"
"33","3","lampara","furniture","predicate1","pula",0.09,"color"
"34","3","karot","food","predicate1","cuadrado",0.27,"shape"
"35","3","lampara","furniture","predicate1","sira",0.66,"quality"
"36","3","saging","food","predicate1","kahoy",0.22,"material"
"37","3","lampara","furniture","predicate1","sariwa",0.28,"age"
"38","3","keso","food","predicate1","luma",0.21,"age"
"39","3","silya","furniture","predicate1","sira",0.14,"quality"
"40","3","mesa","furniture","predicate1","tatsulok",0.82,"shape"
"41","3","karot","food","predicate1","malaki",0.77,"size"
"42","3","mansanas","food","predicate1","malambot",0.15,"texture"
"43","3","silya","furniture","predicate1","bago",0.87,"age"
"44","3","sopa","furniture","predicate1","pula",0.14,"color"
"45","3","kamatis","food","predicate1","bilog",0.89,"shape"
"46","3","mansanas","food","predicate1","bilog",0.83,"shape"
"47","3","keso","food","predicate1","maikli",0.07,"size"
"48","3","karot","food","predicate1","asul",0.51,"color"
"49","3","sopa","furniture","predicate1","malaki",0.18,"size"
"50","3","mansanas","food","predicate1","cuadrado",0.82,"shape"
"51","3","mansanas","food","predicate1","mahaba",0.74,"size"
"52","3","keso","food","predicate1","parihaba",0.28,"shape"
"53","6","saging","food","predicate1","itim",0.71,"color"
"54","6","sopa","furniture","predicate1","kahoy",0.31,"material"
"55","6","sopa","furniture","predicate1","asul",0.69,"color"
"56","6","saging","food","predicate1","dilaw",0.67,"color"
"57","6","sopa","furniture","predicate1","bulok",0.7,"age"
"58","6","saging","food","predicate1","maliit",0.74,"size"
"59","6","lampara","furniture","predicate1","maliit",0.68,"size"
"60","6","television","furniture","predicate1","malaki",0.75,"size"
"61","6","mansanas","food","predicate1","maganda",0.69,"quality"
"62","6","lampara","furniture","predicate1","berde",0.67,"color"
"63","6","mansanas","food","predicate1","tatsulok",0.69,"shape"
"64","6","saging","food","predicate1","maganda",0.68,"quality"
"65","6","lampara","furniture","predicate1","malambot",0.68,"texture"
"66","6","karot","food","predicate1","luma",0.64,"age"
"67","6","mansanas","food","predicate1","bilog",0.69,"shape"
"68","6","lampara","furniture","predicate1","luma",0.68,"age"
"69","6","mansanas","food","predicate1","pula",0.69,"color"
"70","6","mesa","furniture","predicate1","malaki",0.65,"size"
"71","6","karot","food","predicate1","mahaba",0.74,"size"
"72","6","mansanas","food","predicate1","malambot",0.67,"texture"
"73","6","mesa","furniture","predicate1","cuadrado",0.39,"shape"
"74","6","mansanas","food","predicate1","puti",0.43,"color"
"75","6","keso","food","predicate1","luma",0.65,"age"
"76","6","karot","food","predicate1","aluminyo",0.32,"material"
"77","6","karot","food","predicate1","maikli",0.72,"size"
"78","6","sopa","furniture","predicate1","matigas",0.62,"texture"
"79","16","sopa","furniture","predicate1","dilaw",0.77,"color"
"80","16","karot","food","predicate1","bilog",0.37,"shape"
"81","16","television","furniture","predicate1","maliit",0.79,"size"
"82","16","mansanas","food","predicate1","parihaba",0.22,"shape"
"83","16","mesa","furniture","predicate1","luma",0.84,"age"
"84","16","sopa","furniture","predicate1","sariwa",0.22,"age"
"85","16","television","furniture","predicate1","maikli",0.8,"size"
"86","16","karot","food","predicate1","tatsulok",0.91,"shape"
"87","16","sopa","furniture","predicate1","bakal",0.19,"material"
"88","16","television","furniture","predicate1","dilaw",0.85,"color"
"89","16","lampara","furniture","predicate1","matigas",0.09,"texture"
"90","16","kamatis","food","predicate1","malambot",0.02,"texture"
"91","16","television","furniture","predicate1","maganda",0.1,"quality"
"92","16","kamatis","food","predicate1","mahaba",0.93,"size"
"93","16","karot","food","predicate1","maganda",0.12,"quality"
"94","16","silya","furniture","predicate1","mahaba",0.95,"size"
"95","16","karot","food","predicate1","sariwa",0.15,"age"
"96","16","lampara","furniture","predicate1","puti",0.97,"color"
"97","16","mansanas","food","predicate1","berde",0.16,"color"
"98","16","karot","food","predicate1","puti",0.88,"color"
"99","16","karot","food","predicate1","maliit",0.19,"size"
"100","16","kamatis","food","predicate1","puti",0.84,"color"
"101","16","kamatis","food","predicate1","cuadrado",0.19,"shape"
"102","16","lampara","furniture","predicate1","puti",0.85,"color"
"103","16","sopa","furniture","predicate1","luma",0.26,"age"
"104","16","karot","food","predicate1","berde",0.92,"color"
"105","22","television","furniture","predicate1","maganda",1,"quality"
"106","22","silya","furniture","predicate1","maganda",1,"quality"
"107","22","karot","food","predicate1","asul",1,"color"
"108","22","keso","food","predicate1","parihaba",0,"shape"
"109","22","mansanas","food","predicate1","bilog",1,"shape"
"110","22","karot","food","predicate1","bago",1,"age"
"111","22","lampara","furniture","predicate1","mahaba",0,"size"
"112","22","mesa","furniture","predicate1","aluminyo",0,"material"
"113","22","keso","food","predicate1","maikli",0,"size"
"114","22","saging","food","predicate1","parihaba",0,"shape"
"115","22","saging","food","predicate1","parihaba",1,"shape"
"116","22","silya","furniture","predicate1","sira",1,"quality"
"117","22","kamatis","food","predicate1","sira",1,"quality"
"118","22","saging","food","predicate1","berde",0,"color"
"119","22","television","furniture","predicate1","mahaba",1,"size"
"120","22","kamatis","food","predicate1","bilog",0,"shape"
"121","22","silya","furniture","predicate1","berde",0,"color"
"122","22","television","furniture","predicate1","sira",1,"quality"
"123","22","television","furniture","predicate1","bakal",1,"material"
"124","22","kamatis","food","predicate1","bago",1,"age"
"125","22","mansanas","food","predicate1","sira",1,"quality"
"126","22","television","furniture","predicate1","malaki",1,"size"
"127","22","silya","furniture","predicate1","bulok",1,"age"
"128","22","television","furniture","predicate1","itim",0,"color"
"129","22","sopa","furniture","predicate1","sira",1,"quality"
"130","22","kamatis","food","predicate1","berde",0,"color"
"131","23","lampara","furniture","predicate1","dilaw",0.73,"color"
"132","23","mansanas","food","predicate1","pula",0.73,"color"
"133","23","lampara","furniture","predicate1","maganda",0.35,"quality"
"134","23","kamatis","food","predicate1","kahoy",0.85,"material"
"135","23","sopa","furniture","predicate1","pula",0.63,"color"
"136","23","mesa","furniture","predicate1","bago",0.18,"age"
"137","23","lampara","furniture","predicate1","kahoy",0.57,"material"
"138","23","keso","food","predicate1","makinis",0.72,"texture"
"139","23","keso","food","predicate1","pula",0.43,"color"
"140","23","television","furniture","predicate1","puti",0.8,"color"
"141","23","kamatis","food","predicate1","kahoy",0.53,"material"
"142","23","silya","furniture","predicate1","sariwa",0.07,"age"
"143","23","silya","furniture","predicate1","aluminyo",0.32,"material"
"144","23","kamatis","food","predicate1","itim",0.64,"color"
"145","23","sopa","furniture","predicate1","malambot",0.15,"texture"
"146","23","keso","food","predicate1","dilaw",0.53,"color"
"147","23","karot","food","predicate1","luma",0.76,"age"
"148","23","keso","food","predicate1","kahoy",0.69,"material"
"149","23","kamatis","food","predicate1","luma",0.73,"age"
"150","23","sopa","furniture","predicate1","kahoy",0.31,"material"
"151","23","lampara","furniture","predicate1","cuadrado",0.65,"shape"
"152","23","sopa","furniture","predicate1","berde",0.13,"color"
"153","23","karot","food","predicate1","mahaba",0.26,"size"
"154","23","mesa","furniture","predicate1","malaki",0.51,"size"
"155","23","lampara","furniture","predicate1","luma",0.6,"age"
"156","23","silya","furniture","predicate1","aluminyo",0.16,"material"
"157","29","keso","food","predicate1","itim",0.72,"color"
"158","29","television","furniture","predicate1","bakal",0.42,"material"
"159","29","saging","food","predicate1","kahoy",0.69,"material"
"160","29","saging","food","predicate1","malambot",0.88,"texture"
"161","29","mansanas","food","predicate1","tatsulok",0.4,"shape"
"162","29","saging","food","predicate1","bakal",0.77,"material"
"163","29","keso","food","predicate1","maliit",0.17,"size"
"164","29","keso","food","predicate1","kahoy",0.68,"material"
"165","29","television","furniture","predicate1","maliit",0.32,"size"
"166","29","mansanas","food","predicate1","malaki",0.43,"size"
"167","29","karot","food","predicate1","bulok",0.31,"age"
"168","29","lampara","furniture","predicate1","maikli",0.68,"size"
"169","29","mansanas","food","predicate1","aluminyo",0.79,"material"
"170","29","mesa","furniture","predicate1","bago",0.23,"age"
"171","29","saging","food","predicate1","makinis",0.7,"texture"
"172","29","saging","food","predicate1","kahoy",0.44,"material"
"173","29","sopa","furniture","predicate1","mahaba",0.71,"size"
"174","29","lampara","furniture","predicate1","maganda",0.77,"quality"
"175","29","lampara","furniture","predicate1","mahaba",0.82,"size"
"176","29","kamatis","food","predicate1","tatsulok",0.7,"shape"
"177","29","mesa","furniture","predicate1","mahaba",0.44,"size"
"178","29","silya","furniture","predicate1","malaki",0.82,"size"
"179","29","television","furniture","predicate1","luma",0.38,"age"
"180","29","television","furniture","predicate1","bakal",0.6,"material"
"181","29","sopa","furniture","predicate1","puti",0.77,"color"
"182","29","kamatis","food","predicate1","tatsulok",0.42,"shape"
"183","30","karot","food","predicate1","cuadrado",0.43,"shape"
"184","30","sopa","furniture","predicate1","makinis",0.7,"texture"
"185","30","television","furniture","predicate1","sira",0.22,"quality"
"186","30","mansanas","food","predicate1","maganda",0.69,"quality"
"187","30","mansanas","food","predicate1","tatsulok",0.84,"shape"
"188","30","keso","food","predicate1","pula",0.25,"color"
"189","30","lampara","furniture","predicate1","aluminyo",0.65,"material"
"190","30","karot","food","predicate1","pula",0.37,"color"
"191","30","keso","food","predicate1","asul",0.54,"color"
"192","30","lampara","furniture","predicate1","kahoy",0.7,"material"
"193","30","keso","food","predicate1","sariwa",0.38,"age"
"194","30","lampara","furniture","predicate1","dilaw",0.62,"color"
"195","30","saging","food","predicate1","cuadrado",0.71,"shape"
"196","30","kamatis","food","predicate1","bago",0.41,"age"
"197","30","mansanas","food","predicate1","malambot",0.56,"texture"
"198","30","mansanas","food","predicate1","bago",0.31,"age"
"199","30","karot","food","predicate1","malaki",0.68,"size"
"200","30","television","furniture","predicate1","asul",0.58,"color"
"201","30","mansanas","food","predicate1","itim",0.77,"color"
"202","30","silya","furniture","predicate1","bago",0.45,"age"
"203","30","keso","food","predicate1","mahaba",0.78,"size"
"204","30","silya","furniture","predicate1","berde",0.49,"color"
"205","30","lampara","furniture","predicate1","maganda",0.81,"quality"
"206","30","kamatis","food","predicate1","maganda",0.41,"quality"
"207","30","lampara","furniture","predicate1","pula",0.68,"color"
"208","30","keso","food","predicate1","tatsulok",0.34,"shape"
"209","31","mesa","furniture","predicate1","makinis",0.87,"texture"
"210","31","karot","food","predicate1","luma",0.91,"age"
"211","31","mansanas","food","predicate1","bago",0.83,"age"
"212","31","mesa","furniture","predicate1","luma",0.84,"age"
"213","31","mesa","furniture","predicate1","aluminyo",0.92,"material"
"214","31","silya","furniture","predicate1","makinis",0.86,"texture"
"215","31","sopa","furniture","predicate1","aluminyo",0.87,"material"
"216","31","mansanas","food","predicate1","bakal",0.8,"material"
"217","31","mesa","furniture","predicate1","berde",0.74,"color"
"218","31","television","furniture","predicate1","mahaba",0.94,"size"
"219","31","silya","furniture","predicate1","bago",0.81,"age"
"220","31","television","furniture","predicate1","makinis",0.79,"texture"
"221","31","saging","food","predicate1","asul",0.89,"color"
"222","31","kamatis","food","predicate1","bakal",0.87,"material"
"223","31","lampara","furniture","predicate1","mahaba",0.85,"size"
"224","31","sopa","furniture","predicate1","itim",0.79,"color"
"225","31","sopa","furniture","predicate1","maikli",0.82,"size"
"226","31","mesa","furniture","predicate1","matigas",0.82,"texture"
"227","31","lampara","furniture","predicate1","maikli",0.81,"size"
"228","31","mansanas","food","predicate1","kahoy",0.86,"material"
"229","31","silya","furniture","predicate1","makinis",0.86,"texture"
"230","31","karot","food","predicate1","bulok",0.8,"age"
"231","31","saging","food","predicate1","cuadrado",0.88,"shape"
"232","31","saging","food","predicate1","aluminyo",0.81,"material"
"233","31","mesa","furniture","predicate1","maliit",0.9,"size"
"234","31","saging","food","predicate1","itim",0.81,"color"
"235","37","lampara","furniture","predicate1","kahoy",0.72,"material"
"236","37","kamatis","food","predicate1","bulok",0.29,"age"
"237","37","mesa","furniture","predicate1","aluminyo",0.4,"material"
"238","37","silya","furniture","predicate1","bulok",0.32,"age"
"239","37","mesa","furniture","predicate1","makinis",0.72,"texture"
"240","37","silya","furniture","predicate1","malaki",0.35,"size"
"241","37","lampara","furniture","predicate1","makinis",0.17,"texture"
"242","37","karot","food","predicate1","malaki",0.65,"size"
"243","37","keso","food","predicate1","malambot",0.79,"texture"
"244","37","kamatis","food","predicate1","maganda",0.39,"quality"
"245","37","saging","food","predicate1","tatsulok",0.66,"shape"
"246","37","karot","food","predicate1","matigas",0.35,"texture"
"247","37","karot","food","predicate1","tatsulok",0.66,"shape"
"248","37","saging","food","predicate1","puti",0.39,"color"
"249","37","karot","food","predicate1","kahoy",0.61,"material"
"250","37","sopa","furniture","predicate1","malaki",0.32,"size"
"251","37","saging","food","predicate1","dilaw",0.75,"color"
"252","37","karot","food","predicate1","parihaba",0.36,"shape"
"253","37","lampara","furniture","predicate1","matigas",0.37,"texture"
"254","37","lampara","furniture","predicate1","malaki",0.67,"size"
"255","37","kamatis","food","predicate1","luma",0.31,"age"
"256","37","silya","furniture","predicate1","itim",0.13,"color"
"257","37","mesa","furniture","predicate1","cuadrado",0.56,"shape"
"258","37","lampara","furniture","predicate1","mahaba",0.29,"size"
"259","37","keso","food","predicate1","cuadrado",0.55,"shape"
"260","37","mansanas","food","predicate1","tatsulok",0.6,"shape"
"261","38","karot","food","predicate1","tatsulok",0.99,"shape"
"262","38","saging","food","predicate1","bago",0.02,"age"
"263","38","mansanas","food","predicate1","bulok",0.03,"age"
"264","38","lampara","furniture","predicate1","maikli",0.98,"size"
"265","38","karot","food","predicate1","malambot",0.99,"texture"
"266","38","television","furniture","predicate1","bakal",0.98,"material"
"267","38","lampara","furniture","predicate1","berde",0.98,"color"
"268","38","karot","food","predicate1","kahoy",0.02,"material"
"269","38","kamatis","food","predicate1","sariwa",0.98,"age"
"270","38","karot","food","predicate1","berde",0.01,"color"
"271","38","keso","food","predicate1","maliit",0.98,"size"
"272","38","television","furniture","predicate1","bago",0.99,"age"
"273","38","keso","food","predicate1","sira",0.03,"quality"
"274","38","mansanas","food","predicate1","pula",0.01,"color"
"275","38","lampara","furniture","predicate1","dilaw",0.03,"color"
"276","38","silya","furniture","predicate1","matigas",0.98,"texture"
"277","38","lampara","furniture","predicate1","mahaba",0.98,"size"
"278","38","lampara","furniture","predicate1","maliit",0.05,"size"
"279","38","mansanas","food","predicate1","mahaba",0.99,"size"
"280","38","sopa","furniture","predicate1","malambot",1,"texture"
"281","38","lampara","furniture","predicate1","pula",0.02,"color"
"282","38","sopa","furniture","predicate1","tatsulok",0.04,"shape"
"283","38","keso","food","predicate1","mahaba",0.95,"size"
"284","38","sopa","furniture","predicate1","puti",0.02,"color"
"285","38","karot","food","predicate1","maganda",0.98,"quality"
"286","38","karot","food","predicate1","bilog",0.01,"shape"
"287","41","keso","food","predicate1","malambot",0.66,"texture"
"288","41","lampara","furniture","predicate1","itim",0.66,"color"
"289","41","mansanas","food","predicate1","maikli",0.34,"size"
"290","41","mesa","furniture","predicate1","aluminyo",0.6,"material"
"291","41","mansanas","food","predicate1","maliit",0.61,"size"
"292","41","television","furniture","predicate1","sariwa",0.62,"age"
"293","41","lampara","furniture","predicate1","sariwa",0.7,"age"
"294","41","saging","food","predicate1","malambot",0.68,"texture"
"295","41","saging","food","predicate1","malaki",0.67,"size"
"296","41","karot","food","predicate1","sariwa",0.72,"age"
"297","41","lampara","furniture","predicate1","kahoy",0.68,"material"
"298","41","lampara","furniture","predicate1","bago",0.66,"age"
"299","41","silya","furniture","predicate1","bilog",0.24,"shape"
"300","41","karot","food","predicate1","dilaw",0.66,"color"
"301","41","kamatis","food","predicate1","bulok",0.64,"age"
"302","41","kamatis","food","predicate1","malaki",0.49,"size"
"303","41","kamatis","food","predicate1","pula",0.68,"color"
"304","41","mesa","furniture","predicate1","itim",0.67,"color"
"305","41","saging","food","predicate1","luma",0.81,"age"
"306","41","karot","food","predicate1","mahaba",0.63,"size"
"307","41","mansanas","food","predicate1","matigas",0.54,"texture"
"308","41","mesa","furniture","predicate1","luma",0.63,"age"
"309","41","lampara","furniture","predicate1","maliit",0.53,"size"
"310","41","keso","food","predicate1","kahoy",0.66,"material"
"311","41","sopa","furniture","predicate1","dilaw",0.66,"color"
"312","41","kamatis","food","predicate1","malaki",0.62,"size"
"313","42","mesa","furniture","predicate1","parihaba",1,"shape"
"314","42","keso","food","predicate1","maliit",0.98,"size"
"315","42","keso","food","predicate1","luma",0.02,"age"
"316","42","karot","food","predicate1","pula",0.02,"color"
"317","42","karot","food","predicate1","sira",0.03,"quality"
"318","42","television","furniture","predicate1","dilaw",0.97,"color"
"319","42","karot","food","predicate1","matigas",0.97,"texture"
"320","42","keso","food","predicate1","cuadrado",0.04,"shape"
"321","42","karot","food","predicate1","makinis",0.98,"texture"
"322","42","lampara","furniture","predicate1","maliit",0.95,"size"
"323","42","keso","food","predicate1","sariwa",0.97,"age"
"324","42","mesa","furniture","predicate1","bakal",0.04,"material"
"325","42","karot","food","predicate1","bulok",0.98,"age"
"326","42","mansanas","food","predicate1","berde",0,"color"
"327","42","mesa","furniture","predicate1","bago",0.99,"age"
"328","42","mansanas","food","predicate1","tatsulok",0.97,"shape"
"329","42","mesa","furniture","predicate1","parihaba",0.99,"shape"
"330","42","keso","food","predicate1","kahoy",0,"material"
"331","42","lampara","furniture","predicate1","tatsulok",0.05,"shape"
"332","42","sopa","furniture","predicate1","parihaba",0.04,"shape"
"333","42","silya","furniture","predicate1","berde",0.99,"color"
"334","42","mansanas","food","predicate1","bago",0,"age"
"335","42","television","furniture","predicate1","malaki",1,"size"
"336","42","saging","food","predicate1","berde",0.04,"color"
"337","42","saging","food","predicate1","bulok",0.01,"age"
"338","42","television","furniture","predicate1","tatsulok",0.02,"shape"
"339","49","mansanas","food","predicate1","asul",1,"color"
"340","49","silya","furniture","predicate1","tatsulok",0,"shape"
"341","49","mansanas","food","predicate1","asul",1,"color"
"342","49","saging","food","predicate1","kahoy",0,"material"
"343","49","saging","food","predicate1","luma",0,"age"
"344","49","karot","food","predicate1","tatsulok",1,"shape"
"345","49","sopa","furniture","predicate1","bulok",1,"age"
"346","49","lampara","furniture","predicate1","sariwa",1,"age"
"347","49","lampara","furniture","predicate1","malambot",1,"texture"
"348","49","kamatis","food","predicate1","maikli",0,"size"
"349","49","keso","food","predicate1","maikli",1,"size"
"350","49","sopa","furniture","predicate1","makinis",0,"texture"
"351","49","saging","food","predicate1","malambot",1,"texture"
"352","49","mesa","furniture","predicate1","asul",1,"color"
"353","49","mansanas","food","predicate1","bulok",0,"age"
"354","49","television","furniture","predicate1","kahoy",0,"material"
"355","49","karot","food","predicate1","parihaba",1,"shape"
"356","49","mansanas","food","predicate1","luma",0,"age"
"357","49","keso","food","predicate1","bago",1,"age"
"358","49","karot","food","predicate1","makinis",1,"texture"
"359","49","silya","furniture","predicate1","pula",1,"color"
"360","49","karot","food","predicate1","tatsulok",0,"shape"
"361","49","television","furniture","predicate1","bilog",0,"shape"
"362","49","television","furniture","predicate1","maganda",1,"quality"
"363","49","sopa","furniture","predicate1","makinis",0,"texture"
"364","49","keso","food","predicate1","kahoy",0,"material"
"365","50","kamatis","food","predicate1","kahoy",0.82,"material"
"366","50","lampara","furniture","predicate1","maliit",0.12,"size"
"367","50","silya","furniture","predicate1","mahaba",0.05,"size"
"368","50","saging","food","predicate1","sira",0.92,"quality"
"369","50","karot","food","predicate1","maliit",0.07,"size"
"370","50","lampara","furniture","predicate1","bilog",0.95,"shape"
"371","50","mansanas","food","predicate1","cuadrado",0.87,"shape"
"372","50","lampara","furniture","predicate1","bago",0.02,"age"
"373","50","sopa","furniture","predicate1","bulok",0.94,"age"
"374","50","mesa","furniture","predicate1","berde",0.02,"color"
"375","50","saging","food","predicate1","sariwa",0.06,"age"
"376","50","keso","food","predicate1","aluminyo",0.03,"material"
"377","50","silya","furniture","predicate1","bulok",0.06,"age"
"378","50","sopa","furniture","predicate1","puti",0.06,"color"
"379","50","mansanas","food","predicate1","sira",0.92,"quality"
"380","50","silya","furniture","predicate1","puti",0.02,"color"
"381","50","mesa","furniture","predicate1","sira",0,"quality"
"382","50","kamatis","food","predicate1","luma",0.02,"age"
"383","50","sopa","furniture","predicate1","matigas",0.92,"texture"
"384","50","saging","food","predicate1","cuadrado",0.02,"shape"
"385","50","sopa","furniture","predicate1","bakal",0.06,"material"
"386","50","television","furniture","predicate1","bulok",0.09,"age"
"387","50","mesa","furniture","predicate1","makinis",0.92,"texture"
"388","50","television","furniture","predicate1","kahoy",0.87,"material"
"389","50","kamatis","food","predicate1","berde",0.05,"color"
"390","50","kamatis","food","predicate1","malambot",0.96,"texture"
"391","51","sopa","furniture","predicate1","luma",0.88,"age"
"392","51","kamatis","food","predicate1","bakal",0.09,"material"
"393","51","mesa","furniture","predicate1","berde",0.16,"color"
"394","51","lampara","furniture","predicate1","cuadrado",0.56,"shape"
"395","51","karot","food","predicate1","kahoy",0.23,"material"
"396","51","saging","food","predicate1","bilog",0.74,"shape"
"397","51","kamatis","food","predicate1","sariwa",0.75,"age"
"398","51","sopa","furniture","predicate1","matigas",0.66,"texture"
"399","51","sopa","furniture","predicate1","tatsulok",0.67,"shape"
"400","51","kamatis","food","predicate1","makinis",0.89,"texture"
"401","51","saging","food","predicate1","puti",0.77,"color"
"402","51","saging","food","predicate1","bakal",0.75,"material"
"403","51","kamatis","food","predicate1","maganda",0.58,"quality"
"404","51","karot","food","predicate1","matigas",0.2,"texture"
"405","51","television","furniture","predicate1","bakal",0.7,"material"
"406","51","kamatis","food","predicate1","dilaw",0.63,"color"
"407","51","mansanas","food","predicate1","maganda",0.45,"quality"
"408","51","lampara","furniture","predicate1","maliit",0.31,"size"
"409","51","keso","food","predicate1","parihaba",0.49,"shape"
"410","51","mesa","furniture","predicate1","asul",0.69,"color"
"411","51","silya","furniture","predicate1","puti",0.34,"color"
"412","51","kamatis","food","predicate1","itim",0.25,"color"
"413","51","lampara","furniture","predicate1","matigas",0.3,"texture"
"414","51","mesa","furniture","predicate1","bilog",0.45,"shape"
"415","51","mansanas","food","predicate1","berde",0.18,"color"
"416","51","silya","furniture","predicate1","makinis",0.31,"texture"
"417","56","mansanas","food","predicate1","aluminyo",0.17,"material"
"418","56","saging","food","predicate1","malaki",0.81,"size"
"419","56","karot","food","predicate1","malaki",0.06,"size"
"420","56","kamatis","food","predicate1","pula",0.05,"color"
"421","56","saging","food","predicate1","cuadrado",0.89,"shape"
"422","56","sopa","furniture","predicate1","maliit",0.09,"size"
"423","56","saging","food","predicate1","bakal",0,"material"
"424","56","lampara","furniture","predicate1","maliit",0.07,"size"
"425","56","television","furniture","predicate1","bakal",0.07,"material"
"426","56","mansanas","food","predicate1","matigas",1,"texture"
"427","56","television","furniture","predicate1","maganda",1,"quality"
"428","56","silya","furniture","predicate1","matigas",1,"texture"
"429","56","saging","food","predicate1","sariwa",0,"age"
"430","56","karot","food","predicate1","pula",0,"color"
"431","56","silya","furniture","predicate1","luma",0.9,"age"
"432","56","silya","furniture","predicate1","cuadrado",0.85,"shape"
"433","56","karot","food","predicate1","asul",0.82,"color"
"434","56","mansanas","food","predicate1","dilaw",0.14,"color"
"435","56","sopa","furniture","predicate1","puti",0.85,"color"
"436","56","mansanas","food","predicate1","mahaba",0.16,"size"
"437","56","mansanas","food","predicate1","malambot",0.83,"texture"
"438","56","television","furniture","predicate1","bilog",0.91,"shape"
"439","56","mesa","furniture","predicate1","dilaw",0.05,"color"
"440","56","karot","food","predicate1","itim",0.93,"color"
"441","56","keso","food","predicate1","kahoy",0.2,"material"
"442","56","keso","food","predicate1","pula",0.09,"color"
"443","58","mesa","furniture","predicate1","asul",0,"color"
"444","58","sopa","furniture","predicate1","cuadrado",0,"shape"
"445","58","silya","furniture","predicate1","sira",0.23,"quality"
"446","58","lampara","furniture","predicate1","tatsulok",0.25,"shape"
"447","58","keso","food","predicate1","malaki",0.96,"size"
"448","58","kamatis","food","predicate1","makinis",0.89,"texture"
"449","58","mesa","furniture","predicate1","makinis",0.94,"texture"
"450","58","mesa","furniture","predicate1","cuadrado",0.01,"shape"
"451","58","mansanas","food","predicate1","malaki",0.82,"size"
"452","58","lampara","furniture","predicate1","asul",0.06,"color"
"453","58","silya","furniture","predicate1","pula",0.11,"color"
"454","58","saging","food","predicate1","dilaw",0.2,"color"
"455","58","keso","food","predicate1","kahoy",0.08,"material"
"456","58","saging","food","predicate1","sariwa",0.09,"age"
"457","58","kamatis","food","predicate1","maikli",0.13,"size"
"458","58","lampara","furniture","predicate1","bakal",0.17,"material"
"459","58","karot","food","predicate1","berde",0.09,"color"
"460","58","karot","food","predicate1","makinis",0.9,"texture"
"461","58","sopa","furniture","predicate1","bilog",0.17,"shape"
"462","58","television","furniture","predicate1","maikli",0.33,"size"
"463","58","lampara","furniture","predicate1","itim",0.36,"color"
"464","58","sopa","furniture","predicate1","bago",0.23,"age"
"465","58","mansanas","food","predicate1","maliit",0.79,"size"
"466","58","lampara","furniture","predicate1","matigas",0.71,"texture"
"467","58","mesa","furniture","predicate1","berde",0.68,"color"
"468","58","mansanas","food","predicate1","kahoy",0.25,"material"
"469","60","mansanas","food","predicate1","mahaba",0.04,"size"
"470","60","television","furniture","predicate1","pula",0.98,"color"
"471","60","karot","food","predicate1","maganda",0.99,"quality"
"472","60","sopa","furniture","predicate1","puti",0.03,"color"
"473","60","sopa","furniture","predicate1","cuadrado",0.03,"shape"
"474","60","kamatis","food","predicate1","cuadrado",0.03,"shape"
"475","60","saging","food","predicate1","cuadrado",0.93,"shape"
"476","60","mansanas","food","predicate1","luma",0.98,"age"
"477","60","keso","food","predicate1","malaki",0.97,"size"
"478","60","television","furniture","predicate1","aluminyo",0.04,"material"
"479","60","saging","food","predicate1","sira",0.99,"quality"
"480","60","mesa","furniture","predicate1","tatsulok",0.06,"shape"
"481","60","lampara","furniture","predicate1","tatsulok",0.05,"shape"
"482","60","kamatis","food","predicate1","parihaba",0.06,"shape"
"483","60","saging","food","predicate1","maikli",0.95,"size"
"484","60","karot","food","predicate1","bago",0.98,"age"
"485","60","television","furniture","predicate1","pula",0.94,"color"
"486","60","saging","food","predicate1","luma",0.96,"age"
"487","60","lampara","furniture","predicate1","maganda",0.95,"quality"
"488","60","silya","furniture","predicate1","itim",0.05,"color"
"489","60","mansanas","food","predicate1","maliit",0.94,"size"
"490","60","karot","food","predicate1","malambot",0.06,"texture"
"491","60","mesa","furniture","predicate1","mahaba",0.05,"size"
"492","60","silya","furniture","predicate1","bilog",0.03,"shape"
"493","60","sopa","furniture","predicate1","berde",0.03,"color"
"494","60","karot","food","predicate1","maganda",0.94,"quality"
"495","78","television","furniture","predicate1","bulok",0.66,"age"
"496","78","lampara","furniture","predicate1","berde",0.71,"color"
"497","78","television","furniture","predicate1","tatsulok",0.44,"shape"
"498","78","keso","food","predicate1","cuadrado",0.57,"shape"
"499","78","mesa","furniture","predicate1","parihaba",0.09,"shape"
"500","78","television","furniture","predicate1","pula",0.84,"color"
"501","78","mesa","furniture","predicate1","kahoy",0.47,"material"
"502","78","television","furniture","predicate1","bilog",0.25,"shape"
"503","78","lampara","furniture","predicate1","parihaba",0.65,"shape"
"504","78","silya","furniture","predicate1","kahoy",0.34,"material"
"505","78","keso","food","predicate1","cuadrado",0.63,"shape"
"506","78","kamatis","food","predicate1","dilaw",0.43,"color"
"507","78","lampara","furniture","predicate1","pula",0.76,"color"
"508","78","mansanas","food","predicate1","bakal",0.31,"material"
"509","78","mansanas","food","predicate1","bago",0.69,"age"
"510","78","keso","food","predicate1","bago",0.29,"age"
"511","78","sopa","furniture","predicate1","sira",0.55,"quality"
"512","78","saging","food","predicate1","bago",0.76,"age"
"513","78","keso","food","predicate1","matigas",0.83,"texture"
"514","78","mesa","furniture","predicate1","parihaba",0.23,"shape"
"515","78","lampara","furniture","predicate1","dilaw",0.73,"color"
"516","78","sopa","furniture","predicate1","berde",0.33,"color"
"517","78","silya","furniture","predicate1","malambot",0.57,"texture"
"518","78","saging","food","predicate1","cuadrado",0.21,"shape"
"519","78","mansanas","food","predicate1","mahaba",0.48,"size"
"520","78","television","furniture","predicate1","itim",0.78,"color"
"521","80","saging","food","predicate1","dilaw",0.02,"color"
"522","80","silya","furniture","predicate1","aluminyo",0.99,"material"
"523","80","mesa","furniture","predicate1","aluminyo",0.02,"material"
"524","80","silya","furniture","predicate1","maikli",1,"size"
"525","80","karot","food","predicate1","makinis",0.05,"texture"
"526","80","sopa","furniture","predicate1","parihaba",0.99,"shape"
"527","80","kamatis","food","predicate1","sariwa",0.95,"age"
"528","80","saging","food","predicate1","puti",0.98,"color"
"529","80","mansanas","food","predicate1","parihaba",0.02,"shape"
"530","80","mesa","furniture","predicate1","bago",0.91,"age"
"531","80","keso","food","predicate1","makinis",0.96,"texture"
"532","80","mesa","furniture","predicate1","bulok",0.01,"age"
"533","80","saging","food","predicate1","parihaba",0,"shape"
"534","80","lampara","furniture","predicate1","bilog",0.05,"shape"
"535","80","saging","food","predicate1","bulok",0.04,"age"
"536","80","silya","furniture","predicate1","sariwa",0.95,"age"
"537","80","karot","food","predicate1","kahoy",0.99,"material"
"538","80","sopa","furniture","predicate1","asul",0.05,"color"
"539","80","sopa","furniture","predicate1","makinis",0.96,"texture"
"540","80","silya","furniture","predicate1","aluminyo",0.03,"material"
"541","80","television","furniture","predicate1","berde",0.05,"color"
"542","80","karot","food","predicate1","maikli",0.96,"size"
"543","80","mesa","furniture","predicate1","bilog",0.02,"shape"
"544","80","saging","food","predicate1","maganda",0.96,"quality"
"545","80","sopa","furniture","predicate1","berde",0.97,"color"
"546","80","television","furniture","predicate1","mahaba",0.98,"size"
"547","82","television","furniture","predicate1","aluminyo",0,"material"
"548","82","mansanas","food","predicate1","maikli",1,"size"
"549","82","keso","food","predicate1","tatsulok",1,"shape"
"550","82","sopa","furniture","predicate1","maikli",1,"size"
"551","82","saging","food","predicate1","matigas",1,"texture"
"552","82","karot","food","predicate1","makinis",1,"texture"
"553","82","silya","furniture","predicate1","berde",0,"color"
"554","82","mesa","furniture","predicate1","bulok",1,"age"
"555","82","television","furniture","predicate1","maliit",1,"size"
"556","82","sopa","furniture","predicate1","sira",1,"quality"
"557","82","mesa","furniture","predicate1","berde",0,"color"
"558","82","saging","food","predicate1","malambot",1,"texture"
"559","82","keso","food","predicate1","malaki",1,"size"
"560","82","saging","food","predicate1","berde",0,"color"
"561","82","mesa","furniture","predicate1","dilaw",0,"color"
"562","82","sopa","furniture","predicate1","berde",0,"color"
"563","82","mansanas","food","predicate1","maganda",1,"quality"
"564","82","sopa","furniture","predicate1","bilog",1,"shape"
"565","82","saging","food","predicate1","luma",1,"age"
"566","82","mesa","furniture","predicate1","mahaba",1,"size"
"567","82","lampara","furniture","predicate1","luma",1,"age"
"568","82","silya","furniture","predicate1","parihaba",0,"shape"
"569","82","television","furniture","predicate1","pula",0,"color"
"570","82","television","furniture","predicate1","sira",1,"quality"
"571","82","mesa","furniture","predicate1","aluminyo",0,"material"
"572","82","sopa","furniture","predicate1","tatsulok",0,"shape"
"573","86","kamatis","food","predicate1","malaki",1,"size"
"574","86","kamatis","food","predicate1","malaki",0,"size"
"575","86","saging","food","predicate1","bulok",1,"age"
"576","86","television","furniture","predicate1","aluminyo",0,"material"
"577","86","lampara","furniture","predicate1","cuadrado",0.95,"shape"
"578","86","television","furniture","predicate1","itim",0.04,"color"
"579","86","saging","food","predicate1","puti",0.04,"color"
"580","86","silya","furniture","predicate1","bakal",0.01,"material"
"581","86","mesa","furniture","predicate1","bulok",0.97,"age"
"582","86","silya","furniture","predicate1","sariwa",0.96,"age"
"583","86","keso","food","predicate1","pula",0.97,"color"
"584","86","kamatis","food","predicate1","maganda",0.98,"quality"
"585","86","silya","furniture","predicate1","aluminyo",0.04,"material"
"586","86","saging","food","predicate1","mahaba",0.98,"size"
"587","86","mesa","furniture","predicate1","matigas",0.94,"texture"
"588","86","sopa","furniture","predicate1","bakal",0.01,"material"
"589","86","kamatis","food","predicate1","dilaw",0.03,"color"
"590","86","lampara","furniture","predicate1","maikli",0.02,"size"
"591","86","mansanas","food","predicate1","itim",0.03,"color"
"592","86","silya","furniture","predicate1","bakal",0.02,"material"
"593","86","mansanas","food","predicate1","malambot",0.03,"texture"
"594","86","kamatis","food","predicate1","aluminyo",0.03,"material"
"595","86","saging","food","predicate1","luma",0.97,"age"
"596","86","kamatis","food","predicate1","luma",0.03,"age"
"597","86","keso","food","predicate1","maganda",0.95,"quality"
"598","86","television","furniture","predicate1","bakal",0.01,"material"
"599","88","kamatis","food","predicate1","makinis",0.14,"texture"
"600","88","keso","food","predicate1","tatsulok",0.87,"shape"
"601","88","kamatis","food","predicate1","malaki",0.87,"size"
"602","88","mesa","furniture","predicate1","tatsulok",0.83,"shape"
"603","88","silya","furniture","predicate1","bakal",0.07,"material"
"604","88","mansanas","food","predicate1","bago",0.86,"age"
"605","88","silya","furniture","predicate1","cuadrado",0.92,"shape"
"606","88","sopa","furniture","predicate1","aluminyo",0.11,"material"
"607","88","keso","food","predicate1","sira",0.92,"quality"
"608","88","karot","food","predicate1","makinis",0.92,"texture"
"609","88","silya","furniture","predicate1","malambot",0.86,"texture"
"610","88","sopa","furniture","predicate1","mahaba",0.87,"size"
"611","88","television","furniture","predicate1","maganda",0.89,"quality"
"612","88","television","furniture","predicate1","maganda",0.05,"quality"
"613","88","keso","food","predicate1","puti",0.07,"color"
"614","88","karot","food","predicate1","asul",0.03,"color"
"615","88","keso","food","predicate1","berde",0.05,"color"
"616","88","saging","food","predicate1","bakal",0.02,"material"
"617","88","kamatis","food","predicate1","bulok",0.95,"age"
"618","88","mansanas","food","predicate1","maikli",0.94,"size"
"619","88","saging","food","predicate1","aluminyo",0.92,"material"
"620","88","mesa","furniture","predicate1","pula",0.9,"color"
"621","88","mesa","furniture","predicate1","maikli",0.89,"size"
"622","88","television","furniture","predicate1","sariwa",0.97,"age"
"623","88","karot","food","predicate1","maganda",0.95,"quality"
"624","88","saging","food","predicate1","bilog",0.9,"shape"
"625","2","lampara","furniture","rightpredicate1","luma",0,"age"
"626","2","silya","furniture","rightpredicate1","asul",0.91,"color"
"627","2","saging","food","rightpredicate1","itim",0.05,"color"
"628","2","kamatis","food","rightpredicate1","bakal",0.96,"material"
"629","2","mansanas","food","rightpredicate1","kahoy",0.03,"material"
"630","2","karot","food","rightpredicate1","sariwa",0.03,"age"
"631","2","sopa","furniture","rightpredicate1","luma",0.98,"age"
"632","2","sopa","furniture","rightpredicate1","malambot",0.04,"texture"
"633","2","saging","food","rightpredicate1","maikli",0.99,"size"
"634","2","sopa","furniture","rightpredicate1","dilaw",0.97,"color"
"635","2","mansanas","food","rightpredicate1","sariwa",1,"age"
"636","2","television","furniture","rightpredicate1","tatsulok",0,"shape"
"637","2","television","furniture","rightpredicate1","bulok",0.01,"age"
"638","2","karot","food","rightpredicate1","maliit",0.02,"size"
"639","2","sopa","furniture","rightpredicate1","parihaba",0.02,"shape"
"640","2","mansanas","food","rightpredicate1","luma",0.95,"age"
"641","2","silya","furniture","rightpredicate1","maganda",0.02,"quality"
"642","2","karot","food","rightpredicate1","bakal",0.04,"material"
"643","2","television","furniture","rightpredicate1","asul",0.01,"color"
"644","2","saging","food","rightpredicate1","parihaba",0.02,"shape"
"645","2","lampara","furniture","rightpredicate1","maliit",0.95,"size"
"646","2","keso","food","rightpredicate1","maikli",0.02,"size"
"647","2","mesa","furniture","rightpredicate1","maikli",0.52,"size"
"648","2","television","furniture","rightpredicate1","pula",0.02,"color"
"649","2","mansanas","food","rightpredicate1","berde",0.01,"color"
"650","2","television","furniture","rightpredicate1","bakal",1,"material"
"651","3","saging","food","rightpredicate1","berde",0.1,"color"
"652","3","karot","food","rightpredicate1","pula",0.86,"color"
"653","3","television","furniture","rightpredicate1","malaki",0.95,"size"
"654","3","mesa","furniture","rightpredicate1","dilaw",0.86,"color"
"655","3","keso","food","rightpredicate1","kahoy",0.46,"material"
"656","3","karot","food","rightpredicate1","tatsulok",0.9,"shape"
"657","3","lampara","furniture","rightpredicate1","matigas",0.91,"texture"
"658","3","karot","food","rightpredicate1","maganda",0.73,"quality"
"659","3","lampara","furniture","rightpredicate1","cuadrado",0.34,"shape"
"660","3","saging","food","rightpredicate1","bulok",0.78,"age"
"661","3","lampara","furniture","rightpredicate1","bilog",0.72,"shape"
"662","3","keso","food","rightpredicate1","itim",0.79,"color"
"663","3","silya","furniture","rightpredicate1","tatsulok",0.86,"shape"
"664","3","mesa","furniture","rightpredicate1","matigas",0.18,"texture"
"665","3","karot","food","rightpredicate1","pula",0.23,"color"
"666","3","mansanas","food","rightpredicate1","cuadrado",0.85,"shape"
"667","3","silya","furniture","rightpredicate1","pula",0.13,"color"
"668","3","sopa","furniture","rightpredicate1","makinis",0.86,"texture"
"669","3","kamatis","food","rightpredicate1","aluminyo",0.11,"material"
"670","3","mansanas","food","rightpredicate1","maliit",0.17,"size"
"671","3","keso","food","rightpredicate1","bago",0.93,"age"
"672","3","karot","food","rightpredicate1","mahaba",0.49,"size"
"673","3","sopa","furniture","rightpredicate1","bakal",0.82,"material"
"674","3","mansanas","food","rightpredicate1","bago",0.18,"age"
"675","3","mansanas","food","rightpredicate1","sariwa",0.26,"age"
"676","3","keso","food","rightpredicate1","dilaw",0.72,"color"
"677","6","saging","food","rightpredicate1","makinis",0.29,"texture"
"678","6","sopa","furniture","rightpredicate1","luma",0.69,"age"
"679","6","sopa","furniture","rightpredicate1","mahaba",0.31,"size"
"680","6","saging","food","rightpredicate1","kahoy",0.33,"material"
"681","6","sopa","furniture","rightpredicate1","malaki",0.3,"size"
"682","6","saging","food","rightpredicate1","makinis",0.26,"texture"
"683","6","lampara","furniture","rightpredicate1","parihaba",0.32,"shape"
"684","6","television","furniture","rightpredicate1","parihaba",0.25,"shape"
"685","6","mansanas","food","rightpredicate1","malaki",0.31,"size"
"686","6","lampara","furniture","rightpredicate1","bilog",0.33,"shape"
"687","6","mansanas","food","rightpredicate1","bago",0.31,"age"
"688","6","saging","food","rightpredicate1","malaki",0.32,"size"
"689","6","lampara","furniture","rightpredicate1","kahoy",0.32,"material"
"690","6","karot","food","rightpredicate1","pula",0.36,"color"
"691","6","mansanas","food","rightpredicate1","itim",0.31,"color"
"692","6","lampara","furniture","rightpredicate1","berde",0.32,"color"
"693","6","mansanas","food","rightpredicate1","sira",0.31,"quality"
"694","6","mesa","furniture","rightpredicate1","malambot",0.35,"texture"
"695","6","karot","food","rightpredicate1","parihaba",0.26,"shape"
"696","6","mansanas","food","rightpredicate1","pula",0.33,"color"
"697","6","mesa","furniture","rightpredicate1","bago",0.61,"age"
"698","6","mansanas","food","rightpredicate1","luma",0.57,"age"
"699","6","keso","food","rightpredicate1","maganda",0.35,"quality"
"700","6","karot","food","rightpredicate1","maikli",0.68,"size"
"701","6","karot","food","rightpredicate1","puti",0.28,"color"
"702","6","sopa","furniture","rightpredicate1","bulok",0.38,"age"
"703","16","sopa","furniture","rightpredicate1","malambot",0.23,"texture"
"704","16","karot","food","rightpredicate1","asul",0.63,"color"
"705","16","television","furniture","rightpredicate1","luma",0.21,"age"
"706","16","mansanas","food","rightpredicate1","sira",0.78,"quality"
"707","16","mesa","furniture","rightpredicate1","pula",0.16,"color"
"708","16","sopa","furniture","rightpredicate1","dilaw",0.78,"color"
"709","16","television","furniture","rightpredicate1","bulok",0.2,"age"
"710","16","karot","food","rightpredicate1","luma",0.09,"age"
"711","16","sopa","furniture","rightpredicate1","mahaba",0.81,"size"
"712","16","television","furniture","rightpredicate1","parihaba",0.15,"shape"
"713","16","lampara","furniture","rightpredicate1","maikli",0.91,"size"
"714","16","kamatis","food","rightpredicate1","bulok",0.98,"age"
"715","16","television","furniture","rightpredicate1","makinis",0.9,"texture"
"716","16","kamatis","food","rightpredicate1","bilog",0.07,"shape"
"717","16","karot","food","rightpredicate1","dilaw",0.88,"color"
"718","16","silya","furniture","rightpredicate1","cuadrado",0.05,"shape"
"719","16","karot","food","rightpredicate1","maliit",0.85,"size"
"720","16","lampara","furniture","rightpredicate1","bakal",0.03,"material"
"721","16","mansanas","food","rightpredicate1","sira",0.84,"quality"
"722","16","karot","food","rightpredicate1","cuadrado",0.12,"shape"
"723","16","karot","food","rightpredicate1","bulok",0.81,"age"
"724","16","kamatis","food","rightpredicate1","mahaba",0.16,"size"
"725","16","kamatis","food","rightpredicate1","aluminyo",0.81,"material"
"726","16","lampara","furniture","rightpredicate1","bilog",0.15,"shape"
"727","16","sopa","furniture","rightpredicate1","bakal",0.74,"material"
"728","16","karot","food","rightpredicate1","cuadrado",0.08,"shape"
"729","22","television","furniture","rightpredicate1","parihaba",0,"shape"
"730","22","silya","furniture","rightpredicate1","tatsulok",0,"shape"
"731","22","karot","food","rightpredicate1","maikli",0,"size"
"732","22","keso","food","rightpredicate1","matigas",1,"texture"
"733","22","mansanas","food","rightpredicate1","pula",0,"color"
"734","22","karot","food","rightpredicate1","pula",0,"color"
"735","22","lampara","furniture","rightpredicate1","malambot",1,"texture"
"736","22","mesa","furniture","rightpredicate1","maganda",1,"quality"
"737","22","keso","food","rightpredicate1","dilaw",1,"color"
"738","22","saging","food","rightpredicate1","bulok",1,"age"
"739","22","saging","food","rightpredicate1","puti",0,"color"
"740","22","silya","furniture","rightpredicate1","cuadrado",0,"shape"
"741","22","kamatis","food","rightpredicate1","berde",0,"color"
"742","22","saging","food","rightpredicate1","parihaba",1,"shape"
"743","22","television","furniture","rightpredicate1","tatsulok",0,"shape"
"744","22","kamatis","food","rightpredicate1","bulok",1,"age"
"745","22","silya","furniture","rightpredicate1","bakal",1,"material"
"746","22","television","furniture","rightpredicate1","maliit",0,"size"
"747","22","television","furniture","rightpredicate1","maikli",0,"size"
"748","22","kamatis","food","rightpredicate1","pula",0,"color"
"749","22","mansanas","food","rightpredicate1","bakal",0,"material"
"750","22","television","furniture","rightpredicate1","dilaw",0,"color"
"751","22","silya","furniture","rightpredicate1","berde",0,"color"
"752","22","television","furniture","rightpredicate1","maganda",1,"quality"
"753","22","sopa","furniture","rightpredicate1","kahoy",0,"material"
"754","22","kamatis","food","rightpredicate1","bulok",1,"age"
"755","23","lampara","furniture","rightpredicate1","makinis",0.27,"texture"
"756","23","mansanas","food","rightpredicate1","malaki",0.27,"size"
"757","23","lampara","furniture","rightpredicate1","itim",0.65,"color"
"758","23","kamatis","food","rightpredicate1","puti",0.15,"color"
"759","23","sopa","furniture","rightpredicate1","parihaba",0.37,"shape"
"760","23","mesa","furniture","rightpredicate1","maliit",0.82,"size"
"761","23","lampara","furniture","rightpredicate1","parihaba",0.43,"shape"
"762","23","keso","food","rightpredicate1","tatsulok",0.28,"shape"
"763","23","keso","food","rightpredicate1","malambot",0.57,"texture"
"764","23","television","furniture","rightpredicate1","maganda",0.2,"quality"
"765","23","kamatis","food","rightpredicate1","sira",0.47,"quality"
"766","23","silya","furniture","rightpredicate1","makinis",0.93,"texture"
"767","23","silya","furniture","rightpredicate1","parihaba",0.68,"shape"
"768","23","kamatis","food","rightpredicate1","bilog",0.36,"shape"
"769","23","sopa","furniture","rightpredicate1","puti",0.85,"color"
"770","23","keso","food","rightpredicate1","tatsulok",0.47,"shape"
"771","23","karot","food","rightpredicate1","aluminyo",0.24,"material"
"772","23","keso","food","rightpredicate1","parihaba",0.31,"shape"
"773","23","kamatis","food","rightpredicate1","kahoy",0.27,"material"
"774","23","sopa","furniture","rightpredicate1","maikli",0.69,"size"
"775","23","lampara","furniture","rightpredicate1","bulok",0.35,"age"
"776","23","sopa","furniture","rightpredicate1","sariwa",0.87,"age"
"777","23","karot","food","rightpredicate1","bulok",0.74,"age"
"778","23","mesa","furniture","rightpredicate1","dilaw",0.49,"color"
"779","23","lampara","furniture","rightpredicate1","makinis",0.4,"texture"
"780","23","silya","furniture","rightpredicate1","bilog",0.84,"shape"
"781","29","keso","food","rightpredicate1","tatsulok",0.28,"shape"
"782","29","television","furniture","rightpredicate1","makinis",0.58,"texture"
"783","29","saging","food","rightpredicate1","pula",0.31,"color"
"784","29","saging","food","rightpredicate1","bulok",0.12,"age"
"785","29","mansanas","food","rightpredicate1","maganda",0.6,"quality"
"786","29","saging","food","rightpredicate1","mahaba",0.23,"size"
"787","29","keso","food","rightpredicate1","pula",0.83,"color"
"788","29","keso","food","rightpredicate1","maliit",0.32,"size"
"789","29","television","furniture","rightpredicate1","berde",0.68,"color"
"790","29","mansanas","food","rightpredicate1","matigas",0.57,"texture"
"791","29","karot","food","rightpredicate1","makinis",0.69,"texture"
"792","29","lampara","furniture","rightpredicate1","bago",0.32,"age"
"793","29","mansanas","food","rightpredicate1","parihaba",0.21,"shape"
"794","29","mesa","furniture","rightpredicate1","maganda",0.77,"quality"
"795","29","saging","food","rightpredicate1","itim",0.3,"color"
"796","29","saging","food","rightpredicate1","bago",0.56,"age"
"797","29","sopa","furniture","rightpredicate1","aluminyo",0.29,"material"
"798","29","lampara","furniture","rightpredicate1","pula",0.23,"color"
"799","29","lampara","furniture","rightpredicate1","sira",0.18,"quality"
"800","29","kamatis","food","rightpredicate1","aluminyo",0.3,"material"
"801","29","mesa","furniture","rightpredicate1","pula",0.56,"color"
"802","29","silya","furniture","rightpredicate1","bago",0.18,"age"
"803","29","television","furniture","rightpredicate1","maikli",0.62,"size"
"804","29","television","furniture","rightpredicate1","maliit",0.4,"size"
"805","29","sopa","furniture","rightpredicate1","bilog",0.23,"shape"
"806","29","kamatis","food","rightpredicate1","luma",0.58,"age"
"807","30","karot","food","rightpredicate1","maganda",0.57,"quality"
"808","30","sopa","furniture","rightpredicate1","dilaw",0.3,"color"
"809","30","television","furniture","rightpredicate1","maliit",0.78,"size"
"810","30","mansanas","food","rightpredicate1","bulok",0.31,"age"
"811","30","mansanas","food","rightpredicate1","bulok",0.16,"age"
"812","30","keso","food","rightpredicate1","maganda",0.75,"quality"
"813","30","lampara","furniture","rightpredicate1","maliit",0.35,"size"
"814","30","karot","food","rightpredicate1","parihaba",0.63,"shape"
"815","30","keso","food","rightpredicate1","bakal",0.46,"material"
"816","30","lampara","furniture","rightpredicate1","luma",0.3,"age"
"817","30","keso","food","rightpredicate1","sira",0.62,"quality"
"818","30","lampara","furniture","rightpredicate1","maikli",0.38,"size"
"819","30","saging","food","rightpredicate1","pula",0.29,"color"
"820","30","kamatis","food","rightpredicate1","tatsulok",0.59,"shape"
"821","30","mansanas","food","rightpredicate1","berde",0.44,"color"
"822","30","mansanas","food","rightpredicate1","matigas",0.69,"texture"
"823","30","karot","food","rightpredicate1","dilaw",0.32,"color"
"824","30","television","furniture","rightpredicate1","luma",0.42,"age"
"825","30","mansanas","food","rightpredicate1","maganda",0.23,"quality"
"826","30","silya","furniture","rightpredicate1","pula",0.55,"color"
"827","30","keso","food","rightpredicate1","bakal",0.22,"material"
"828","30","silya","furniture","rightpredicate1","parihaba",0.51,"shape"
"829","30","lampara","furniture","rightpredicate1","mahaba",0.19,"size"
"830","30","kamatis","food","rightpredicate1","dilaw",0.59,"color"
"831","30","lampara","furniture","rightpredicate1","parihaba",0.32,"shape"
"832","30","keso","food","rightpredicate1","mahaba",0.66,"size"
"833","31","mesa","furniture","rightpredicate1","cuadrado",0.13,"shape"
"834","31","karot","food","rightpredicate1","aluminyo",0.09,"material"
"835","31","mansanas","food","rightpredicate1","makinis",0.17,"texture"
"836","31","mesa","furniture","rightpredicate1","malambot",0.16,"texture"
"837","31","mesa","furniture","rightpredicate1","bilog",0.08,"shape"
"838","31","silya","furniture","rightpredicate1","bago",0.14,"age"
"839","31","sopa","furniture","rightpredicate1","makinis",0.13,"texture"
"840","31","mansanas","food","rightpredicate1","maliit",0.2,"size"
"841","31","mesa","furniture","rightpredicate1","bago",0.26,"age"
"842","31","television","furniture","rightpredicate1","kahoy",0.0600000000000001,"material"
"843","31","silya","furniture","rightpredicate1","cuadrado",0.19,"shape"
"844","31","television","furniture","rightpredicate1","sira",0.21,"quality"
"845","31","saging","food","rightpredicate1","parihaba",0.11,"shape"
"846","31","kamatis","food","rightpredicate1","maganda",0.13,"quality"
"847","31","lampara","furniture","rightpredicate1","sariwa",0.15,"age"
"848","31","sopa","furniture","rightpredicate1","luma",0.21,"age"
"849","31","sopa","furniture","rightpredicate1","berde",0.18,"color"
"850","31","mesa","furniture","rightpredicate1","dilaw",0.18,"color"
"851","31","lampara","furniture","rightpredicate1","berde",0.19,"color"
"852","31","mansanas","food","rightpredicate1","matigas",0.14,"texture"
"853","31","silya","furniture","rightpredicate1","bulok",0.14,"age"
"854","31","karot","food","rightpredicate1","pula",0.2,"color"
"855","31","saging","food","rightpredicate1","pula",0.12,"color"
"856","31","saging","food","rightpredicate1","malambot",0.19,"texture"
"857","31","mesa","furniture","rightpredicate1","aluminyo",0.1,"material"
"858","31","saging","food","rightpredicate1","matigas",0.19,"texture"
"859","37","lampara","furniture","rightpredicate1","luma",0.28,"age"
"860","37","kamatis","food","rightpredicate1","parihaba",0.71,"shape"
"861","37","mesa","furniture","rightpredicate1","maganda",0.6,"quality"
"862","37","silya","furniture","rightpredicate1","tatsulok",0.68,"shape"
"863","37","mesa","furniture","rightpredicate1","pula",0.28,"color"
"864","37","silya","furniture","rightpredicate1","luma",0.65,"age"
"865","37","lampara","furniture","rightpredicate1","dilaw",0.83,"color"
"866","37","karot","food","rightpredicate1","bulok",0.35,"age"
"867","37","keso","food","rightpredicate1","itim",0.21,"color"
"868","37","kamatis","food","rightpredicate1","mahaba",0.61,"size"
"869","37","saging","food","rightpredicate1","luma",0.34,"age"
"870","37","karot","food","rightpredicate1","luma",0.65,"age"
"871","37","karot","food","rightpredicate1","mahaba",0.34,"size"
"872","37","saging","food","rightpredicate1","malambot",0.61,"texture"
"873","37","karot","food","rightpredicate1","malaki",0.39,"size"
"874","37","sopa","furniture","rightpredicate1","berde",0.68,"color"
"875","37","saging","food","rightpredicate1","sira",0.25,"quality"
"876","37","karot","food","rightpredicate1","aluminyo",0.64,"material"
"877","37","lampara","furniture","rightpredicate1","sira",0.63,"quality"
"878","37","lampara","furniture","rightpredicate1","matigas",0.33,"texture"
"879","37","kamatis","food","rightpredicate1","malambot",0.69,"texture"
"880","37","silya","furniture","rightpredicate1","maikli",0.87,"size"
"881","37","mesa","furniture","rightpredicate1","maganda",0.44,"quality"
"882","37","lampara","furniture","rightpredicate1","dilaw",0.71,"color"
"883","37","keso","food","rightpredicate1","pula",0.45,"color"
"884","37","mansanas","food","rightpredicate1","pula",0.4,"color"
"885","38","karot","food","rightpredicate1","puti",0.01,"color"
"886","38","saging","food","rightpredicate1","malambot",0.98,"texture"
"887","38","mansanas","food","rightpredicate1","malambot",0.97,"texture"
"888","38","lampara","furniture","rightpredicate1","cuadrado",0.02,"shape"
"889","38","karot","food","rightpredicate1","sariwa",0.01,"age"
"890","38","television","furniture","rightpredicate1","parihaba",0.02,"shape"
"891","38","lampara","furniture","rightpredicate1","kahoy",0.02,"material"
"892","38","karot","food","rightpredicate1","parihaba",0.98,"shape"
"893","38","kamatis","food","rightpredicate1","parihaba",0.02,"shape"
"894","38","karot","food","rightpredicate1","luma",0.99,"age"
"895","38","keso","food","rightpredicate1","dilaw",0.02,"color"
"896","38","television","furniture","rightpredicate1","tatsulok",0.01,"shape"
"897","38","keso","food","rightpredicate1","tatsulok",0.97,"shape"
"898","38","mansanas","food","rightpredicate1","mahaba",0.99,"size"
"899","38","lampara","furniture","rightpredicate1","maliit",0.97,"size"
"900","38","silya","furniture","rightpredicate1","mahaba",0.02,"size"
"901","38","lampara","furniture","rightpredicate1","luma",0.02,"age"
"902","38","lampara","furniture","rightpredicate1","malambot",0.95,"texture"
"903","38","mansanas","food","rightpredicate1","bakal",0.01,"material"
"904","38","sopa","furniture","rightpredicate1","sira",0,"quality"
"905","38","lampara","furniture","rightpredicate1","bulok",0.98,"age"
"906","38","sopa","furniture","rightpredicate1","berde",0.96,"color"
"907","38","keso","food","rightpredicate1","asul",0.05,"color"
"908","38","sopa","furniture","rightpredicate1","luma",0.98,"age"
"909","38","karot","food","rightpredicate1","asul",0.02,"color"
"910","38","karot","food","rightpredicate1","sira",0.99,"quality"
"911","41","keso","food","rightpredicate1","pula",0.34,"color"
"912","41","lampara","furniture","rightpredicate1","malambot",0.34,"texture"
"913","41","mansanas","food","rightpredicate1","bago",0.66,"age"
"914","41","mesa","furniture","rightpredicate1","parihaba",0.4,"shape"
"915","41","mansanas","food","rightpredicate1","makinis",0.39,"texture"
"916","41","television","furniture","rightpredicate1","berde",0.38,"color"
"917","41","lampara","furniture","rightpredicate1","cuadrado",0.3,"shape"
"918","41","saging","food","rightpredicate1","pula",0.32,"color"
"919","41","saging","food","rightpredicate1","dilaw",0.33,"color"
"920","41","karot","food","rightpredicate1","maganda",0.28,"quality"
"921","41","lampara","furniture","rightpredicate1","tatsulok",0.32,"shape"
"922","41","lampara","furniture","rightpredicate1","malambot",0.34,"texture"
"923","41","silya","furniture","rightpredicate1","malaki",0.76,"size"
"924","41","karot","food","rightpredicate1","tatsulok",0.34,"shape"
"925","41","kamatis","food","rightpredicate1","berde",0.36,"color"
"926","41","kamatis","food","rightpredicate1","maganda",0.51,"quality"
"927","41","kamatis","food","rightpredicate1","luma",0.32,"age"
"928","41","mesa","furniture","rightpredicate1","malaki",0.33,"size"
"929","41","saging","food","rightpredicate1","itim",0.19,"color"
"930","41","karot","food","rightpredicate1","parihaba",0.37,"shape"
"931","41","mansanas","food","rightpredicate1","maganda",0.46,"quality"
"932","41","mesa","furniture","rightpredicate1","maganda",0.37,"quality"
"933","41","lampara","furniture","rightpredicate1","asul",0.47,"color"
"934","41","keso","food","rightpredicate1","luma",0.34,"age"
"935","41","sopa","furniture","rightpredicate1","parihaba",0.34,"shape"
"936","41","kamatis","food","rightpredicate1","dilaw",0.38,"color"
"937","42","mesa","furniture","rightpredicate1","berde",0,"color"
"938","42","keso","food","rightpredicate1","bakal",0.02,"material"
"939","42","keso","food","rightpredicate1","makinis",0.98,"texture"
"940","42","karot","food","rightpredicate1","malaki",0.98,"size"
"941","42","karot","food","rightpredicate1","luma",0.97,"age"
"942","42","television","furniture","rightpredicate1","kahoy",0.03,"material"
"943","42","karot","food","rightpredicate1","luma",0.03,"age"
"944","42","keso","food","rightpredicate1","bago",0.96,"age"
"945","42","karot","food","rightpredicate1","sariwa",0.02,"age"
"946","42","lampara","furniture","rightpredicate1","bilog",0.05,"shape"
"947","42","keso","food","rightpredicate1","parihaba",0.03,"shape"
"948","42","mesa","furniture","rightpredicate1","maganda",0.96,"quality"
"949","42","karot","food","rightpredicate1","bilog",0.02,"shape"
"950","42","mansanas","food","rightpredicate1","tatsulok",1,"shape"
"951","42","mesa","furniture","rightpredicate1","cuadrado",0.01,"shape"
"952","42","mansanas","food","rightpredicate1","sira",0.03,"quality"
"953","42","mesa","furniture","rightpredicate1","bakal",0.01,"material"
"954","42","keso","food","rightpredicate1","bilog",1,"shape"
"955","42","lampara","furniture","rightpredicate1","sira",0.95,"quality"
"956","42","sopa","furniture","rightpredicate1","itim",0.96,"color"
"957","42","silya","furniture","rightpredicate1","sariwa",0.01,"age"
"958","42","mansanas","food","rightpredicate1","maganda",1,"quality"
"959","42","television","furniture","rightpredicate1","parihaba",0,"shape"
"960","42","saging","food","rightpredicate1","parihaba",0.96,"shape"
"961","42","saging","food","rightpredicate1","malambot",0.99,"texture"
"962","42","television","furniture","rightpredicate1","maganda",0.98,"quality"
"963","49","mansanas","food","rightpredicate1","makinis",0,"texture"
"964","49","silya","furniture","rightpredicate1","makinis",1,"texture"
"965","49","mansanas","food","rightpredicate1","parihaba",0,"shape"
"966","49","saging","food","rightpredicate1","asul",1,"color"
"967","49","saging","food","rightpredicate1","matigas",1,"texture"
"968","49","karot","food","rightpredicate1","pula",0,"color"
"969","49","sopa","furniture","rightpredicate1","itim",0,"color"
"970","49","lampara","furniture","rightpredicate1","sira",0,"quality"
"971","49","lampara","furniture","rightpredicate1","dilaw",0,"color"
"972","49","kamatis","food","rightpredicate1","asul",1,"color"
"973","49","keso","food","rightpredicate1","bilog",0,"shape"
"974","49","sopa","furniture","rightpredicate1","mahaba",1,"size"
"975","49","saging","food","rightpredicate1","sira",0,"quality"
"976","49","mesa","furniture","rightpredicate1","maliit",0,"size"
"977","49","mansanas","food","rightpredicate1","berde",1,"color"
"978","49","television","furniture","rightpredicate1","dilaw",1,"color"
"979","49","karot","food","rightpredicate1","mahaba",0,"size"
"980","49","mansanas","food","rightpredicate1","tatsulok",1,"shape"
"981","49","keso","food","rightpredicate1","matigas",0,"texture"
"982","49","karot","food","rightpredicate1","sariwa",0,"age"
"983","49","silya","furniture","rightpredicate1","bago",0,"age"
"984","49","karot","food","rightpredicate1","makinis",1,"texture"
"985","49","television","furniture","rightpredicate1","asul",1,"color"
"986","49","television","furniture","rightpredicate1","bulok",0,"age"
"987","49","sopa","furniture","rightpredicate1","sira",1,"quality"
"988","49","keso","food","rightpredicate1","malaki",1,"size"
"989","50","kamatis","food","rightpredicate1","pula",0.18,"color"
"990","50","lampara","furniture","rightpredicate1","maganda",0.88,"quality"
"991","50","silya","furniture","rightpredicate1","dilaw",0.95,"color"
"992","50","saging","food","rightpredicate1","parihaba",0.08,"shape"
"993","50","karot","food","rightpredicate1","bilog",0.93,"shape"
"994","50","lampara","furniture","rightpredicate1","maliit",0.05,"size"
"995","50","mansanas","food","rightpredicate1","asul",0.13,"color"
"996","50","lampara","furniture","rightpredicate1","makinis",0.98,"texture"
"997","50","sopa","furniture","rightpredicate1","aluminyo",0.0600000000000001,"material"
"998","50","mesa","furniture","rightpredicate1","parihaba",0.98,"shape"
"999","50","saging","food","rightpredicate1","maganda",0.94,"quality"
"1000","50","keso","food","rightpredicate1","puti",0.97,"color"
"1001","50","silya","furniture","rightpredicate1","asul",0.94,"color"
"1002","50","sopa","furniture","rightpredicate1","maikli",0.94,"size"
"1003","50","mansanas","food","rightpredicate1","puti",0.08,"color"
"1004","50","silya","furniture","rightpredicate1","aluminyo",0.98,"material"
"1005","50","mesa","furniture","rightpredicate1","cuadrado",1,"shape"
"1006","50","kamatis","food","rightpredicate1","maganda",0.98,"quality"
"1007","50","sopa","furniture","rightpredicate1","luma",0.08,"age"
"1008","50","saging","food","rightpredicate1","maikli",0.98,"size"
"1009","50","sopa","furniture","rightpredicate1","bago",0.94,"age"
"1010","50","television","furniture","rightpredicate1","maikli",0.91,"size"
"1011","50","mesa","furniture","rightpredicate1","sariwa",0.08,"age"
"1012","50","television","furniture","rightpredicate1","cuadrado",0.13,"shape"
"1013","50","kamatis","food","rightpredicate1","matigas",0.95,"texture"
"1014","50","kamatis","food","rightpredicate1","pula",0.04,"color"
"1015","51","sopa","furniture","rightpredicate1","bilog",0.12,"shape"
"1016","51","kamatis","food","rightpredicate1","sariwa",0.91,"age"
"1017","51","mesa","furniture","rightpredicate1","aluminyo",0.84,"material"
"1018","51","lampara","furniture","rightpredicate1","maikli",0.44,"size"
"1019","51","karot","food","rightpredicate1","bilog",0.77,"shape"
"1020","51","saging","food","rightpredicate1","mahaba",0.26,"size"
"1021","51","kamatis","food","rightpredicate1","maikli",0.25,"size"
"1022","51","sopa","furniture","rightpredicate1","malaki",0.34,"size"
"1023","51","sopa","furniture","rightpredicate1","berde",0.33,"color"
"1024","51","kamatis","food","rightpredicate1","sira",0.11,"quality"
"1025","51","saging","food","rightpredicate1","malambot",0.23,"texture"
"1026","51","saging","food","rightpredicate1","parihaba",0.25,"shape"
"1027","51","kamatis","food","rightpredicate1","makinis",0.42,"texture"
"1028","51","karot","food","rightpredicate1","parihaba",0.8,"shape"
"1029","51","television","furniture","rightpredicate1","parihaba",0.3,"shape"
"1030","51","kamatis","food","rightpredicate1","maganda",0.37,"quality"
"1031","51","mansanas","food","rightpredicate1","bilog",0.55,"shape"
"1032","51","lampara","furniture","rightpredicate1","bilog",0.69,"shape"
"1033","51","keso","food","rightpredicate1","maikli",0.51,"size"
"1034","51","mesa","furniture","rightpredicate1","maganda",0.31,"quality"
"1035","51","silya","furniture","rightpredicate1","bakal",0.66,"material"
"1036","51","kamatis","food","rightpredicate1","bago",0.75,"age"
"1037","51","lampara","furniture","rightpredicate1","aluminyo",0.7,"material"
"1038","51","mesa","furniture","rightpredicate1","malaki",0.55,"size"
"1039","51","mansanas","food","rightpredicate1","tatsulok",0.82,"shape"
"1040","51","silya","furniture","rightpredicate1","puti",0.69,"color"
"1041","56","mansanas","food","rightpredicate1","bulok",0.83,"age"
"1042","56","saging","food","rightpredicate1","bulok",0.19,"age"
"1043","56","karot","food","rightpredicate1","makinis",0.94,"texture"
"1044","56","kamatis","food","rightpredicate1","matigas",0.95,"texture"
"1045","56","saging","food","rightpredicate1","bakal",0.11,"material"
"1046","56","sopa","furniture","rightpredicate1","maganda",0.91,"quality"
"1047","56","saging","food","rightpredicate1","cuadrado",1,"shape"
"1048","56","lampara","furniture","rightpredicate1","bulok",0.93,"age"
"1049","56","television","furniture","rightpredicate1","matigas",0.93,"texture"
"1050","56","mansanas","food","rightpredicate1","malaki",0,"size"
"1051","56","television","furniture","rightpredicate1","cuadrado",0,"shape"
"1052","56","silya","furniture","rightpredicate1","aluminyo",0,"material"
"1053","56","saging","food","rightpredicate1","malaki",1,"size"
"1054","56","karot","food","rightpredicate1","maliit",1,"size"
"1055","56","silya","furniture","rightpredicate1","tatsulok",0.1,"shape"
"1056","56","silya","furniture","rightpredicate1","berde",0.15,"color"
"1057","56","karot","food","rightpredicate1","matigas",0.18,"texture"
"1058","56","mansanas","food","rightpredicate1","luma",0.86,"age"
"1059","56","sopa","furniture","rightpredicate1","cuadrado",0.15,"shape"
"1060","56","mansanas","food","rightpredicate1","dilaw",0.84,"color"
"1061","56","mansanas","food","rightpredicate1","bulok",0.17,"age"
"1062","56","television","furniture","rightpredicate1","bulok",0.09,"age"
"1063","56","mesa","furniture","rightpredicate1","kahoy",0.95,"material"
"1064","56","karot","food","rightpredicate1","sira",0.07,"quality"
"1065","56","keso","food","rightpredicate1","asul",0.8,"color"
"1066","56","keso","food","rightpredicate1","malambot",0.91,"texture"
"1067","58","mesa","furniture","rightpredicate1","mahaba",1,"size"
"1068","58","sopa","furniture","rightpredicate1","makinis",1,"texture"
"1069","58","silya","furniture","rightpredicate1","maikli",0.77,"size"
"1070","58","lampara","furniture","rightpredicate1","bakal",0.75,"material"
"1071","58","keso","food","rightpredicate1","bulok",0.04,"age"
"1072","58","kamatis","food","rightpredicate1","mahaba",0.11,"size"
"1073","58","mesa","furniture","rightpredicate1","dilaw",0.0600000000000001,"color"
"1074","58","mesa","furniture","rightpredicate1","maikli",0.99,"size"
"1075","58","mansanas","food","rightpredicate1","sira",0.18,"quality"
"1076","58","lampara","furniture","rightpredicate1","sira",0.94,"quality"
"1077","58","silya","furniture","rightpredicate1","malaki",0.89,"size"
"1078","58","saging","food","rightpredicate1","bulok",0.8,"age"
"1079","58","keso","food","rightpredicate1","asul",0.92,"color"
"1080","58","saging","food","rightpredicate1","matigas",0.91,"texture"
"1081","58","kamatis","food","rightpredicate1","sariwa",0.87,"age"
"1082","58","lampara","furniture","rightpredicate1","parihaba",0.83,"shape"
"1083","58","karot","food","rightpredicate1","maliit",0.91,"size"
"1084","58","karot","food","rightpredicate1","luma",0.1,"age"
"1085","58","sopa","furniture","rightpredicate1","maganda",0.83,"quality"
"1086","58","television","furniture","rightpredicate1","kahoy",0.67,"material"
"1087","58","lampara","furniture","rightpredicate1","maikli",0.64,"size"
"1088","58","sopa","furniture","rightpredicate1","asul",0.77,"color"
"1089","58","mansanas","food","rightpredicate1","parihaba",0.21,"shape"
"1090","58","lampara","furniture","rightpredicate1","bulok",0.29,"age"
"1091","58","mesa","furniture","rightpredicate1","kahoy",0.32,"material"
"1092","58","mansanas","food","rightpredicate1","matigas",0.75,"texture"
"1093","60","mansanas","food","rightpredicate1","bulok",0.96,"age"
"1094","60","television","furniture","rightpredicate1","kahoy",0.02,"material"
"1095","60","karot","food","rightpredicate1","aluminyo",0.01,"material"
"1096","60","sopa","furniture","rightpredicate1","bago",0.97,"age"
"1097","60","sopa","furniture","rightpredicate1","malaki",0.97,"size"
"1098","60","kamatis","food","rightpredicate1","mahaba",0.97,"size"
"1099","60","saging","food","rightpredicate1","bakal",0.07,"material"
"1100","60","mansanas","food","rightpredicate1","puti",0.02,"color"
"1101","60","keso","food","rightpredicate1","itim",0.03,"color"
"1102","60","television","furniture","rightpredicate1","maganda",0.96,"quality"
"1103","60","saging","food","rightpredicate1","aluminyo",0.01,"material"
"1104","60","mesa","furniture","rightpredicate1","bago",0.94,"age"
"1105","60","lampara","furniture","rightpredicate1","aluminyo",0.95,"material"
"1106","60","kamatis","food","rightpredicate1","maganda",0.94,"quality"
"1107","60","saging","food","rightpredicate1","itim",0.05,"color"
"1108","60","karot","food","rightpredicate1","aluminyo",0.02,"material"
"1109","60","television","furniture","rightpredicate1","malambot",0.0600000000000001,"texture"
"1110","60","saging","food","rightpredicate1","malambot",0.04,"texture"
"1111","60","lampara","furniture","rightpredicate1","bakal",0.05,"material"
"1112","60","silya","furniture","rightpredicate1","makinis",0.95,"texture"
"1113","60","mansanas","food","rightpredicate1","bilog",0.0600000000000001,"shape"
"1114","60","karot","food","rightpredicate1","sariwa",0.94,"age"
"1115","60","mesa","furniture","rightpredicate1","sira",0.95,"quality"
"1116","60","silya","furniture","rightpredicate1","luma",0.97,"age"
"1117","60","sopa","furniture","rightpredicate1","maliit",0.97,"size"
"1118","60","karot","food","rightpredicate1","asul",0.0600000000000001,"color"
"1119","78","television","furniture","rightpredicate1","makinis",0.34,"texture"
"1120","78","lampara","furniture","rightpredicate1","parihaba",0.29,"shape"
"1121","78","television","furniture","rightpredicate1","luma",0.56,"age"
"1122","78","keso","food","rightpredicate1","kahoy",0.43,"material"
"1123","78","mesa","furniture","rightpredicate1","malaki",0.91,"size"
"1124","78","television","furniture","rightpredicate1","aluminyo",0.16,"material"
"1125","78","mesa","furniture","rightpredicate1","dilaw",0.53,"color"
"1126","78","television","furniture","rightpredicate1","bago",0.75,"age"
"1127","78","lampara","furniture","rightpredicate1","makinis",0.35,"texture"
"1128","78","silya","furniture","rightpredicate1","malaki",0.66,"size"
"1129","78","keso","food","rightpredicate1","aluminyo",0.37,"material"
"1130","78","kamatis","food","rightpredicate1","bakal",0.57,"material"
"1131","78","lampara","furniture","rightpredicate1","maikli",0.24,"size"
"1132","78","mansanas","food","rightpredicate1","maliit",0.69,"size"
"1133","78","mansanas","food","rightpredicate1","sira",0.31,"quality"
"1134","78","keso","food","rightpredicate1","aluminyo",0.71,"material"
"1135","78","sopa","furniture","rightpredicate1","itim",0.45,"color"
"1136","78","saging","food","rightpredicate1","dilaw",0.24,"color"
"1137","78","keso","food","rightpredicate1","maganda",0.17,"quality"
"1138","78","mesa","furniture","rightpredicate1","puti",0.77,"color"
"1139","78","lampara","furniture","rightpredicate1","sariwa",0.27,"age"
"1140","78","sopa","furniture","rightpredicate1","makinis",0.67,"texture"
"1141","78","silya","furniture","rightpredicate1","parihaba",0.43,"shape"
"1142","78","saging","food","rightpredicate1","makinis",0.79,"texture"
"1143","78","mansanas","food","rightpredicate1","tatsulok",0.52,"shape"
"1144","78","television","furniture","rightpredicate1","maganda",0.22,"quality"
"1145","80","saging","food","rightpredicate1","malaki",0.98,"size"
"1146","80","silya","furniture","rightpredicate1","bulok",0.01,"age"
"1147","80","mesa","furniture","rightpredicate1","mahaba",0.98,"size"
"1148","80","silya","furniture","rightpredicate1","makinis",0,"texture"
"1149","80","karot","food","rightpredicate1","bago",0.95,"age"
"1150","80","sopa","furniture","rightpredicate1","kahoy",0.01,"material"
"1151","80","kamatis","food","rightpredicate1","bilog",0.05,"shape"
"1152","80","saging","food","rightpredicate1","sariwa",0.02,"age"
"1153","80","mansanas","food","rightpredicate1","mahaba",0.98,"size"
"1154","80","mesa","furniture","rightpredicate1","makinis",0.09,"texture"
"1155","80","keso","food","rightpredicate1","bulok",0.04,"age"
"1156","80","mesa","furniture","rightpredicate1","matigas",0.99,"texture"
"1157","80","saging","food","rightpredicate1","bago",1,"age"
"1158","80","lampara","furniture","rightpredicate1","matigas",0.95,"texture"
"1159","80","saging","food","rightpredicate1","makinis",0.96,"texture"
"1160","80","silya","furniture","rightpredicate1","kahoy",0.05,"material"
"1161","80","karot","food","rightpredicate1","bago",0.01,"age"
"1162","80","sopa","furniture","rightpredicate1","malaki",0.95,"size"
"1163","80","sopa","furniture","rightpredicate1","bakal",0.04,"material"
"1164","80","silya","furniture","rightpredicate1","puti",0.97,"color"
"1165","80","television","furniture","rightpredicate1","luma",0.95,"age"
"1166","80","karot","food","rightpredicate1","asul",0.04,"color"
"1167","80","mesa","furniture","rightpredicate1","malaki",0.98,"size"
"1168","80","saging","food","rightpredicate1","bago",0.04,"age"
"1169","80","sopa","furniture","rightpredicate1","maliit",0.03,"size"
"1170","80","television","furniture","rightpredicate1","bilog",0.02,"shape"
"1171","82","television","furniture","rightpredicate1","maliit",1,"size"
"1172","82","mansanas","food","rightpredicate1","cuadrado",0,"shape"
"1173","82","keso","food","rightpredicate1","itim",0,"color"
"1174","82","sopa","furniture","rightpredicate1","bulok",0,"age"
"1175","82","saging","food","rightpredicate1","luma",0,"age"
"1176","82","karot","food","rightpredicate1","bakal",0,"material"
"1177","82","silya","furniture","rightpredicate1","luma",1,"age"
"1178","82","mesa","furniture","rightpredicate1","kahoy",0,"material"
"1179","82","television","furniture","rightpredicate1","itim",0,"color"
"1180","82","sopa","furniture","rightpredicate1","kahoy",0,"material"
"1181","82","mesa","furniture","rightpredicate1","mahaba",1,"size"
"1182","82","saging","food","rightpredicate1","itim",0,"color"
"1183","82","keso","food","rightpredicate1","cuadrado",0,"shape"
"1184","82","saging","food","rightpredicate1","malambot",1,"texture"
"1185","82","mesa","furniture","rightpredicate1","kahoy",1,"material"
"1186","82","sopa","furniture","rightpredicate1","sira",1,"quality"
"1187","82","mansanas","food","rightpredicate1","cuadrado",0,"shape"
"1188","82","sopa","furniture","rightpredicate1","aluminyo",0,"material"
"1189","82","saging","food","rightpredicate1","sira",0,"quality"
"1190","82","mesa","furniture","rightpredicate1","matigas",0,"texture"
"1191","82","lampara","furniture","rightpredicate1","pula",0,"color"
"1192","82","silya","furniture","rightpredicate1","pula",1,"color"
"1193","82","television","furniture","rightpredicate1","mahaba",1,"size"
"1194","82","television","furniture","rightpredicate1","pula",0,"color"
"1195","82","mesa","furniture","rightpredicate1","cuadrado",1,"shape"
"1196","82","sopa","furniture","rightpredicate1","bago",1,"age"
"1197","86","kamatis","food","rightpredicate1","puti",0,"color"
"1198","86","kamatis","food","rightpredicate1","bulok",1,"age"
"1199","86","saging","food","rightpredicate1","asul",0,"color"
"1200","86","television","furniture","rightpredicate1","matigas",1,"texture"
"1201","86","lampara","furniture","rightpredicate1","bulok",0.05,"age"
"1202","86","television","furniture","rightpredicate1","bago",0.96,"age"
"1203","86","saging","food","rightpredicate1","sariwa",0.96,"age"
"1204","86","silya","furniture","rightpredicate1","cuadrado",0.99,"shape"
"1205","86","mesa","furniture","rightpredicate1","tatsulok",0.03,"shape"
"1206","86","silya","furniture","rightpredicate1","sira",0.04,"quality"
"1207","86","keso","food","rightpredicate1","tatsulok",0.03,"shape"
"1208","86","kamatis","food","rightpredicate1","tatsulok",0.02,"shape"
"1209","86","silya","furniture","rightpredicate1","luma",0.96,"age"
"1210","86","saging","food","rightpredicate1","aluminyo",0.02,"material"
"1211","86","mesa","furniture","rightpredicate1","parihaba",0.0600000000000001,"shape"
"1212","86","sopa","furniture","rightpredicate1","parihaba",0.99,"shape"
"1213","86","kamatis","food","rightpredicate1","bakal",0.97,"material"
"1214","86","lampara","furniture","rightpredicate1","malambot",0.98,"texture"
"1215","86","mansanas","food","rightpredicate1","bago",0.97,"age"
"1216","86","silya","furniture","rightpredicate1","sariwa",0.98,"age"
"1217","86","mansanas","food","rightpredicate1","maganda",0.97,"quality"
"1218","86","kamatis","food","rightpredicate1","pula",0.97,"color"
"1219","86","saging","food","rightpredicate1","cuadrado",0.03,"shape"
"1220","86","kamatis","food","rightpredicate1","sira",0.97,"quality"
"1221","86","keso","food","rightpredicate1","tatsulok",0.05,"shape"
"1222","86","television","furniture","rightpredicate1","sariwa",0.99,"age"
"1223","88","kamatis","food","rightpredicate1","maliit",0.86,"size"
"1224","88","keso","food","rightpredicate1","asul",0.13,"color"
"1225","88","kamatis","food","rightpredicate1","asul",0.13,"color"
"1226","88","mesa","furniture","rightpredicate1","aluminyo",0.17,"material"
"1227","88","silya","furniture","rightpredicate1","malambot",0.93,"texture"
"1228","88","mansanas","food","rightpredicate1","maikli",0.14,"size"
"1229","88","silya","furniture","rightpredicate1","kahoy",0.08,"material"
"1230","88","sopa","furniture","rightpredicate1","bilog",0.89,"shape"
"1231","88","keso","food","rightpredicate1","asul",0.08,"color"
"1232","88","karot","food","rightpredicate1","itim",0.08,"color"
"1233","88","silya","furniture","rightpredicate1","cuadrado",0.14,"shape"
"1234","88","sopa","furniture","rightpredicate1","malambot",0.13,"texture"
"1235","88","television","furniture","rightpredicate1","tatsulok",0.11,"shape"
"1236","88","television","furniture","rightpredicate1","luma",0.95,"age"
"1237","88","keso","food","rightpredicate1","bakal",0.93,"material"
"1238","88","karot","food","rightpredicate1","malaki",0.97,"size"
"1239","88","keso","food","rightpredicate1","luma",0.95,"age"
"1240","88","saging","food","rightpredicate1","mahaba",0.98,"size"
"1241","88","kamatis","food","rightpredicate1","cuadrado",0.05,"shape"
"1242","88","mansanas","food","rightpredicate1","aluminyo",0.0600000000000001,"material"
"1243","88","saging","food","rightpredicate1","sariwa",0.08,"age"
"1244","88","mesa","furniture","rightpredicate1","sariwa",0.1,"age"
"1245","88","mesa","furniture","rightpredicate1","sariwa",0.11,"age"
"1246","88","television","furniture","rightpredicate1","maganda",0.03,"quality"
"1247","88","karot","food","rightpredicate1","aluminyo",0.05,"material"
"1248","88","saging","food","rightpredicate1","maikli",0.1,"size"
